,상품명,저자/아티스트,출판사/제작사,ISBN13,순번/순위,구분
0,매우 예민한 사람들을 위한 책,전홍진 지음,글항아리,9788967358020,1,국내도서
1,디얍의 라스트오리진 만화극장,디얍 지음,제우미디어,9788959529568,2,국내도서
2,부의 대이동,오건영 지음,페이지2(page2),9791196831080,3,국내도서
3,2021 전한길 한국사 합격생 필기노트 (2쇄),전한길 지음,전한길한국사,9791197133503,4,국내도서
4,나 혼자만 레벨업 3,"장성락(REDICE STUDIO) 지음, 추공 원작",디앤씨미디어(주)(D&C미디어),9791189320690,5,국내도서
5,돈의 속성,김승호 지음,스노우폭스북스,9791188331796,6,국내도서
6,김미경의 리부트,김미경 지음,웅진지식하우스,9788901243665,7,국내도서
7,나 혼자만 레벨업 3 (일러스트 스포츠 타올 + 스마트톡 + 카드 2종 포함 한정판),"장성락(REDICE STUDIO) 지음, 추공 원작",디앤씨미디어(주)(D&C미디어),9791189320706,8,국내도서
8,강남 사장님,"이지음 지음, 국민지 그림",비룡소,9788949121925,9,국내도서
9,정재승의 인간 탐구 보고서 4,"정재승 기획, 정재은.이고은 글, 김현민 그림",아울북,9788950983109,10,국내도서
10,"연의 편지 (어나더커버 특별판, 양장)",조현아 지음,손봄북스,9791196155773,11,국내도서
11,"시선으로부터,",정세랑 지음,문학동네,9788954672214,12,국내도서
12,어린 여우를 위한 무서운 이야기,"크리스천 맥케이 하이디커 지음, 이원경 옮김",밝은미래,9788965463665,13,국내도서
13,더 해빙,이서윤.홍주연 지음,수오서재,9791190382175,14,국내도서
14,아리랑,"박건웅 지음, 님 웨일즈 외 원작",동녘,9788972979609,15,국내도서
15,존리의 부자되기 습관 (리커버),존 리 지음,지식노마드,9791187481720,16,국내도서
16,해커스 토익 기출 보카 TOEIC VOCA 단어장,데이빗 조 (David Cho) 지음,해커스어학연구소(Hackers),9788965422785,17,국내도서
17,책 좀 빌려줄래?,"그랜트 스나이더 지음, 홍한결 옮김",윌북,9791155812846,18,국내도서
18,공부하는 뇌,"다니엘 G. 에이멘 지음, 김성훈 옮김",반니,9791190467667,19,국내도서
19,기분이 태도가 되지 않게,"레몬심리 지음, 박영란 옮김",갤리온,9788901243658,20,국내도서
20,노화의 종말,"데이비드 A. 싱클레어.매슈 D. 러플랜트 지음, 이한음 옮김",부키,9788960518025,21,국내도서
21,ETS 토익 정기시험 기출문제집 1000 Vol. 2 Reading (리딩),ETS 엮음,(주)YBM(와이비엠),9788917232196,22,국내도서
22,"스토너 (초판본, 양장)","존 윌리엄스 지음, 김승욱 옮김",알에이치코리아(RHK),9788925538297,23,국내도서
23,큰별쌤 최태성의 별★별한국사 기출 500제 한국사능력검정시험 심화(1.2.3급),최태성 지음,이투스북,9791165980245,24,국내도서
24,ETS 토익 정기시험 기출문제집 1000 Vol. 2 Listening (리스닝),ETS 엮음,(주)YBM(와이비엠),9788917232189,25,국내도서
25,사라지는 건 여자들뿐이거든요,강화길 외 지음,은행나무,9791190492829,26,국내도서
26,우리가 빛의 속도로 갈 수 없다면 (호크니 리커버 에디션),김초엽 지음,허블,9791190090018,27,국내도서
27,설민석의 세계사 대모험 6,"설민석.잼 스토리 지음, 박성일 그림",단꿈아이,9791196893170,28,국내도서
28,여름의 빌라,백수린 지음,문학동네,9788954673105,29,국내도서
29,킵고잉 Keep Going,주언규(신사임당) 지음,21세기북스,9788950988487,30,국내도서
30,‘장판’에서 푸코 읽기,박정수 지음,오월의봄,9791190422406,31,국내도서
31,흔한남매 5,"흔한남매 원작, 유난희 그림, 백난도 글, 흔한컴퍼니 감수",아이세움,9791164135592,32,국내도서
32,큰별쌤 최태성의 별★별한국사 한국사능력검정시험 심화(1.2.3급) 상,최태성 지음,이투스북,9791164421053,33,국내도서
33,설민석의 한국사 대모험 14,"설민석.스토리박스 지음, 정현희 그림, 태건 역사 연구소 감수",아이휴먼,9791165382674,34,국내도서
34,큰별쌤 최태성의 별★별한국사 한국사능력검정시험 심화(1.2.3급) 하,최태성 지음,이투스북,9791164421114,35,국내도서
35,명탐정 코난 98,아오야마 고쇼 지음,서울미디어코믹스(서울문화사),9791136721617,36,국내도서
36,읽기만 하면 내 것이 되는 1페이지 한국사 365,심용환 지음,비에이블,9791197035258,37,국내도서
37,세계미래보고서 2035-2055,박영숙.제롬 글렌 지음,교보문고(단행본),9791159099878,38,국내도서
38,지박소년 하나코 군 10,아이다이로 지음,루트미디어,9791130799582,39,국내도서
39,넌 나의 우주야,"앤서니 브라운 지음, 공경희 옮김",웅진주니어,9788901240879,40,국내도서
40,더 플러스,조성희 지음,유영,9791130630557,41,국내도서
41,애쓰지 않고 편안하게,김수현 지음,놀(다산북스),9791130629636,42,국내도서
42,주식투자 무작정 따라하기,윤재수 지음,길벗,9791165210144,43,국내도서
43,초집중,"니르 이얄 지음, 김고명 옮김",안드로메디안,9791135485121,44,국내도서
44,방구석 미술관 (10만 부 기념 스페셜 에디션),조원재 지음,블랙피쉬,9788968331862,45,국내도서
45,악몽을 먹고 자란 소년,"조용 지음, 잠산 그림",위즈덤하우스,9791190908153,46,국내도서
46,봄날의 개,"조용 지음, 잠산 그림",위즈덤하우스,9791190908177,47,국내도서
47,여름 언덕에서 배운 것,안희연 지음,창비,9788936424466,48,국내도서
48,죽은 자의 집 청소,김완 지음,김영사,9788934992493,49,국내도서
49,기억 1,"베르나르 베르베르 지음, 전미연 옮김",열린책들,9788932920337,50,국내도서
50,나는 말하듯이 쓴다,강원국 지음,위즈덤하우스,9791190786867,51,국내도서
51,보이지 않는 여자들,"캐럴라인 크리아도 페레스 지음, 황가한 옮김",웅진지식하우스,9788901242644,52,국내도서
52,장군이네 떡집,"김리리 지음, 이승현 그림",비룡소,9788949162041,53,국내도서
53,이상한 과자 가게 전천당 7,"히로시마 레이코 지음, 쟈쟈 그림, 김정화 옮김",길벗스쿨,9791164062270,54,국내도서
54,아몬드 (양장),손원평 지음,창비,9788936434267,55,국내도서
55,오버로드 14,"마루야마 쿠가네 지음, 김완 옮김, so-bin 그림",영상출판미디어(주),9791165247560,56,국내도서
56,만복이네 떡집,"김리리 지음, 이승현 그림",비룡소,9788949161341,57,국내도서
57,좀비 아이,"조용 지음, 잠산 그림",위즈덤하우스,9791190908160,58,국내도서
58,기억 2,"베르나르 베르베르 지음, 전미연 옮김",열린책들,9788932920344,59,국내도서
59,어제 뭐 먹었어? 16,"요시나가 후미 지음, 노미영 옮김",삼양출판사(만화),9791128399190,60,국내도서
60,김지은입니다,김지은 지음,봄알람,9791189623036,61,국내도서
61,Go Go 카카오프렌즈 15 : 브라질,"김미영 지음, 김정한 그림",아울북,9788950989064,62,국내도서
62,끝없는 이야기 (리커버 특별판),"미하엘 엔데 지음, 로즈비타 콰드플리크 그림, 허수경 옮김",비룡소,9788949140063,63,국내도서
63,사이코지만 괜찮아 1,"조용 지음, 잠산 그림",호우야,9788931589849,64,국내도서
64,킨 (리커버 에디션),"옥타비아 버틀러 지음, 이수현 옮김",비채,9788934992868,65,국내도서
65,보통의 언어들,김이나 지음,위즈덤하우스,9791190786355,66,국내도서
66,해커스 토익 RC 리딩 READING,데이빗 조 (David Cho) 지음,해커스어학연구소(Hackers),9788965423348,67,국내도서
67,일곱 해의 마지막,김연수 지음,문학동네,9788954672771,68,국내도서
68,백만장자 시크릿,"하브 에커 지음, 나선숙 옮김",알에이치코리아(RHK),9788925536927,69,국내도서
69,소원 떡집,"김리리 지음, 이승현 그림",비룡소,9788949162058,70,국내도서
70,30개 도시로 읽는 세계사,"조 지무쇼 엮음, 최미숙 옮김, 진노 마사후미 감수",다산초당(다산북스),9791130630366,71,국내도서
71,드래곤 빌리지 35,"김언정 지음, 김찬 그림",학산문화사(단행본),9791134868383,72,국내도서
72,나는 왜 네 말이 힘들까,박재연 지음,한빛라이프,9791190846011,73,국내도서
73,이토록 멋진 곤충,"안네 스베르드루프-튀게손 지음, 니나 마리 앤더슨 그림, 조은영 옮김, 최재천 감수",단추,9791189723132,74,국내도서
74,"2020 에듀윌 한국사 능력 검정시험 2주끝장 심화(1, 2, 3급)",에듀윌 한국사교육연구소 지음,에듀윌,9791136004482,75,국내도서
75,한 문장으로 말하라,"나쓰요 립슈츠 지음, 황미숙 옮김",비즈니스북스,9791162541555,76,국내도서
76,정책의 배신,윤희숙 지음,21세기북스,9788950986377,77,국내도서
77,일간 이슬아 수필집 (2020 리미티드 에디션),이슬아 지음,헤엄,9791196589103,78,국내도서
78,"빌 캠벨, 실리콘밸리의 위대한 코치","에릭 슈미트.조너선 로젠버그.앨런 이글 지음, 김민주.이엽 옮김",김영사,9788934903338,79,국내도서
79,해커스 토익 LC 리스닝 LISTENING (2020 최신개정판),데이빗 조 (David Cho) 지음,해커스어학연구소(Hackers),9788965423355,80,국내도서
80,동의 : 너와 나 사이 무엇보다 중요한 것!,"레이첼 브라이언 지음, 노지양 옮김",아울북,9788950987367,81,국내도서
81,미스테리아 31호,미스테리아 편집부 지음,엘릭시르,9772384289005,82,국내도서
82,"어딘가 상상도 못 할 곳에, 수많은 순록 떼가","켄 리우 지음, 장성주 옮김",황금가지,9791158887162,83,국내도서
83,아몬드 (반양장),손원평 지음,창비,9788936456788,84,국내도서
84,블러드차일드 (리커버 에디션),"옥타비아 버틀러 지음, 이수현 옮김",비채,9788934992875,85,국내도서
85,해커스 토익 실전 1000제 1 RC 리딩 문제집 (Hackers TOEIC Reading),해커스어학연구소 지음,해커스어학연구소(Hackers),9788965422631,86,국내도서
86,"손, 아귀","조용 지음, 잠산 그림",위즈덤하우스,9791190908689,87,국내도서
87,걱정이 너무 많아,김영진 지음,길벗어린이,9788955825572,88,국내도서
88,리부트 위너 노트,김미경 지음,웅진지식하우스,9788901244464,89,국내도서
89,해커스 토익 실전 1000제 1 LC 리스닝 문제집 (Hackers TOEIC Listening),해커스어학연구소 지음,해커스어학연구소(Hackers),9788965422617,90,국내도서
90,귀멸의 칼날 19,고토게 코요하루 지음,학산문화사(만화),9791134860615,91,국내도서
91,"안녕, 나의 빨강머리 앤",백영옥 지음,arte(아르테),9788950989224,92,국내도서
92,부의 추월차선,"엠제이 드마코 지음, 신소영 옮김",토트,9788994702346,93,국내도서
93,"파타고니아, 파도가 칠 때는 서핑을","이본 쉬나드 지음, 이영래 옮김",라이팅하우스,9788998075712,94,국내도서
94,"아무튼, 여름",김신회 지음,제철소,9791188343317,95,국내도서
95,코스모스,"칼 세이건 지음, 홍승수 옮김",사이언스북스,9788983711892,96,국내도서
96,성숙한 어른이 갖춰야 할 좋은 심리 습관,"류쉬안 지음, 원녕경 옮김",다연,9791190456098,97,국내도서
97,사피엔스,"유발 하라리 지음, 조현욱 옮김, 이태수 감수",김영사,9788934972464,98,국내도서
98,"영단기 토익 실전 1000제 1 LC 문제집 + 해설집 (2019 퍼스트브랜드 대상 수상기념 특별가 4,900원)",영단기 연구소 엮음,커넥츠영단기,9791163713982,99,국내도서
99,오늘부터의 세계,"안희경 지음, 제러미 리프킨 외",메디치미디어,9791157062010,100,국내도서
